{
    "dialogue": {
        "system": "rhasspy"
    },
    "handle": {
        "remote": {
            "url": "http://0.0.0.0:1234/action"
        },
        "system": "remote"
    },
    "intent": {
        "system": "fsticuffs"
    },
    "microphone": {
        "command": {
            "record_program": "arecord",
            "test_program": "arecord"
        },
        "system": "arecord"
    },
    "sounds": {
        "system": "aplay"
    },
    "speech_to_text": {
        "system": "kaldi"
    },
    "text_to_speech": {
        "system": "picotts"
    },
    "wake": {
        "porcupine": {
            "keyword_path": "porcupine_raspberry-pi.ppn"
        },
        "raven": {
            "keywords": {
                "alex": {
                    "enabled": true
                }
            }
        },
        "snowboy": {
            "model": "alexa.umdl"
        },
        "system": "porcupine"
    }
}